indicator,status,asset,timeframe,window,PF,win_rate_pct,total_trades,max_drawdown_pct,degradation_pct
ALL,included,BATS:SPY,1D,Full,1.018,60.09,213,20.66,
ALL,included,BATS:SPY,1D,W5-test,2.854,,13,3.46,
ALL,included,BATS:QQQ,1D,Full,1.017,53.94,241,15.49,
ALL,included,BATS:QQQ,1D,W5-test,2.033,,18,2.11,
ALL,included,BITSTAMP:BTCUSD,1D,Full,0.936,53.85,91,14.83,
ALL,included,BITSTAMP:BTCUSD,1D,W5-test,0.719,,9,2.88,
ALL,included,BATS:SPY,1W,Full,1.791,64.1,39,3.28,
ALL,included,BATS:SPY,1W,W5-test,,,2,0.28,
ALL,included,BATS:QQQ,1W,Full,1.599,54.55,55,4.76,
ALL,included,BATS:QQQ,1W,W5-test,0.511,,3,3.1,
ALL,included,BITSTAMP:BTCUSD,1W,Full,6.915,64.71,17,1.85,
ALL,included,BITSTAMP:BTCUSD,1W,W5-test,2.848,,4,0.86,
RSI-14,excluded,BATS:SPY,1D,Full,0.994,60.18,226,22.81,2.36
RSI-14,excluded,BATS:SPY,1D,W5-test,2.854,84.62,13,3.46,0.0
RSI-14,excluded,BATS:QQQ,1D,Full,1.092,54.92,244,15.54,-7.37
RSI-14,excluded,BATS:QQQ,1D,W5-test,2.171,77.78,18,2.1,-6.79
RSI-14,excluded,BITSTAMP:BTCUSD,1D,Full,0.807,50.0,106,21.7,13.78
RSI-14,excluded,BITSTAMP:BTCUSD,1D,W5-test,0.719,44.44,9,2.88,0.0
RSI-14,excluded,BATS:SPY,1W,Full,2.789,71.43,77,3.32,-55.72
RSI-14,excluded,BATS:SPY,1W,W5-test,2.637,80.0,5,0.6,
RSI-14,excluded,BATS:QQQ,1W,Full,1.594,52.24,67,4.39,0.31
RSI-14,excluded,BATS:QQQ,1W,W5-test,0.505,25.0,4,3.13,1.17
RSI-14,excluded,BITSTAMP:BTCUSD,1W,Full,3.19,54.55,33,2.6,53.87
RSI-14,excluded,BITSTAMP:BTCUSD,1W,W5-test,1.401,60.0,5,1.36,50.81
MACD-Histogram,excluded,BATS:SPY,1D,Full,1.046,60.48,210,21.27,-2.75
MACD-Histogram,excluded,BATS:SPY,1D,W5-test,2.895,84.62,13,3.32,-1.44
MACD-Histogram,excluded,BATS:QQQ,1D,Full,1.077,55.27,237,13.54,-5.9
MACD-Histogram,excluded,BATS:QQQ,1D,W5-test,2.033,77.78,18,2.11,0.0
MACD-Histogram,excluded,BITSTAMP:BTCUSD,1D,Full,1.012,52.22,90,14.83,-8.12
MACD-Histogram,excluded,BITSTAMP:BTCUSD,1D,W5-test,0.719,44.44,9,2.88,0.0
MACD-Histogram,excluded,BATS:SPY,1W,Full,1.664,58.97,39,3.26,7.09
MACD-Histogram,excluded,BATS:SPY,1W,W5-test,,100.0,2,0.28,
MACD-Histogram,excluded,BATS:QQQ,1W,Full,1.743,57.41,54,3.92,-9.01
MACD-Histogram,excluded,BATS:QQQ,1W,W5-test,0.511,33.33,3,3.1,0.0
MACD-Histogram,excluded,BITSTAMP:BTCUSD,1W,Full,6.882,64.71,17,1.85,0.48
MACD-Histogram,excluded,BITSTAMP:BTCUSD,1W,W5-test,2.848,50.0,4,0.86,0.0
Fisher-9,excluded,BATS:SPY,1D,Full,1.06,63.27,196,20.75,-4.13
Fisher-9,excluded,BATS:SPY,1D,W5-test,4.937,91.67,12,3.08,-72.99
Fisher-9,excluded,BATS:QQQ,1D,Full,1.076,59.05,210,19.71,-5.8
Fisher-9,excluded,BATS:QQQ,1D,W5-test,1.281,66.67,18,2.27,36.99
Fisher-9,excluded,BITSTAMP:BTCUSD,1D,Full,1.708,58.73,63,9.06,-82.48
Fisher-9,excluded,BITSTAMP:BTCUSD,1D,W5-test,0.263,40.0,5,3.32,63.42
Fisher-9,excluded,BATS:SPY,1W,Full,3.355,82.86,35,3.27,-87.33
Fisher-9,excluded,BATS:SPY,1W,W5-test,,100.0,2,0.28,
Fisher-9,excluded,BATS:QQQ,1W,Full,1.582,60.0,50,4.92,1.06
Fisher-9,excluded,BATS:QQQ,1W,W5-test,0.449,33.33,3,3.1,12.13
Fisher-9,excluded,BITSTAMP:BTCUSD,1W,Full,7.117,73.33,15,2.05,-2.92
Fisher-9,excluded,BITSTAMP:BTCUSD,1W,W5-test,4.218,50.0,4,0.86,-48.1
Dual-%R,excluded,BATS:SPY,1D,Full,1.103,54.17,192,18.57,-8.35
Dual-%R,excluded,BATS:SPY,1D,W5-test,2.387,75.0,12,3.91,16.36
Dual-%R,excluded,BATS:QQQ,1D,Full,0.868,46.98,215,18.8,14.65
Dual-%R,excluded,BATS:QQQ,1D,W5-test,1.314,64.29,14,4.02,35.37
Dual-%R,excluded,BITSTAMP:BTCUSD,1D,Full,0.963,54.02,87,16.98,-2.88
Dual-%R,excluded,BITSTAMP:BTCUSD,1D,W5-test,0.641,44.44,9,2.88,10.85
Dual-%R,excluded,BATS:SPY,1W,Full,1.66,62.86,35,4.09,7.31
Dual-%R,excluded,BATS:SPY,1W,W5-test,8.762,100.0,1,0.28,
Dual-%R,excluded,BATS:QQQ,1W,Full,1.474,58.0,50,6.33,7.82
Dual-%R,excluded,BATS:QQQ,1W,W5-test,0.511,33.33,3,3.1,0.0
Dual-%R,excluded,BITSTAMP:BTCUSD,1W,Full,6.828,62.5,16,1.85,1.26
Dual-%R,excluded,BITSTAMP:BTCUSD,1W,W5-test,1.046,33.33,3,0.86,63.27
BuySell-VolPct,excluded,BATS:SPY,1D,Full,1.085,53.25,169,19.63,-6.58
BuySell-VolPct,excluded,BATS:SPY,1D,W5-test,1.822,72.73,11,3.92,36.16
BuySell-VolPct,excluded,BATS:QQQ,1D,Full,0.97,47.26,201,11.11,4.62
BuySell-VolPct,excluded,BATS:QQQ,1D,W5-test,1.163,64.29,14,3.97,42.79
BuySell-VolPct,excluded,BITSTAMP:BTCUSD,1D,Full,0.859,54.65,86,16.78,8.23
BuySell-VolPct,excluded,BITSTAMP:BTCUSD,1D,W5-test,0.714,66.67,9,2.56,0.7
BuySell-VolPct,excluded,BATS:SPY,1W,Full,1.709,64.52,31,4.1,4.58
BuySell-VolPct,excluded,BATS:SPY,1W,W5-test,8.762,100.0,1,0.28,
BuySell-VolPct,excluded,BATS:QQQ,1W,Full,1.846,60.0,45,3.82,-15.45
BuySell-VolPct,excluded,BATS:QQQ,1W,W5-test,0.0,0.0,2,2.95,100.0
BuySell-VolPct,excluded,BITSTAMP:BTCUSD,1W,Full,22.312,71.43,14,1.05,-222.66
BuySell-VolPct,excluded,BITSTAMP:BTCUSD,1W,W5-test,1.046,33.33,3,0.86,63.27
CMF-20,excluded,BATS:SPY,1D,Full,1.018,60.09,213,20.66,0.0
CMF-20,excluded,BATS:SPY,1D,W5-test,2.854,84.62,13,3.46,0.0
CMF-20,excluded,BATS:QQQ,1D,Full,1.017,53.94,241,15.49,0.0
CMF-20,excluded,BATS:QQQ,1D,W5-test,2.033,77.78,18,2.11,0.0
CMF-20,excluded,BITSTAMP:BTCUSD,1D,Full,0.931,53.85,91,15.03,0.53
CMF-20,excluded,BITSTAMP:BTCUSD,1D,W5-test,0.719,44.44,9,2.88,0.0
CMF-20,excluded,BATS:SPY,1W,Full,1.791,64.1,39,3.28,0.0
CMF-20,excluded,BATS:SPY,1W,W5-test,,100.0,2,0.28,
CMF-20,excluded,BATS:QQQ,1W,Full,1.599,54.55,55,4.76,0.0
CMF-20,excluded,BATS:QQQ,1W,W5-test,0.511,33.33,3,3.1,0.0
CMF-20,excluded,BITSTAMP:BTCUSD,1W,Full,6.915,64.71,17,1.85,0.0
CMF-20,excluded,BITSTAMP:BTCUSD,1W,W5-test,2.848,50.0,4,0.86,0.0
W200-Macro,excluded,BATS:SPY,1D,Full,1.051,61.18,237,17.45,-3.24
W200-Macro,excluded,BATS:SPY,1D,W5-test,2.854,84.62,13,3.46,0.0
W200-Macro,excluded,BATS:QQQ,1D,Full,0.944,52.58,291,19.11,7.18
W200-Macro,excluded,BATS:QQQ,1D,W5-test,2.033,77.78,18,2.11,0.0
W200-Macro,excluded,BITSTAMP:BTCUSD,1D,Full,1.052,53.47,101,18.6,-12.39
W200-Macro,excluded,BITSTAMP:BTCUSD,1D,W5-test,1.593,50.0,10,2.88,-121.56
W200-Macro,excluded,BATS:SPY,1W,Full,1.916,65.91,44,3.26,-6.98
W200-Macro,excluded,BATS:SPY,1W,W5-test,,100.0,2,0.28,
W200-Macro,excluded,BATS:QQQ,1W,Full,1.73,55.93,59,4.6,-8.19
W200-Macro,excluded,BATS:QQQ,1W,W5-test,0.511,33.33,3,3.1,0.0
W200-Macro,excluded,BITSTAMP:BTCUSD,1W,Full,7.002,66.67,18,1.85,-1.26
W200-Macro,excluded,BITSTAMP:BTCUSD,1W,W5-test,2.848,50.0,4,0.86,0.0
PERMIT,excluded,BATS:SPY,1D,Full,1.036,59.92,252,17.64,-1.77
PERMIT,excluded,BATS:SPY,1D,W5-test,2.725,81.25,16,3.55,4.52
PERMIT,excluded,BATS:QQQ,1D,Full,1.136,52.61,306,11.27,-11.7
PERMIT,excluded,BATS:QQQ,1D,W5-test,1.487,53.57,28,2.45,26.86
PERMIT,excluded,BITSTAMP:BTCUSD,1D,Full,0.936,53.85,91,14.83,0.0
PERMIT,excluded,BITSTAMP:BTCUSD,1D,W5-test,0.719,44.44,9,2.88,0.0
PERMIT,excluded,BATS:SPY,1W,Full,1.495,60.78,51,4.48,16.53
PERMIT,excluded,BATS:SPY,1W,W5-test,,100.0,2,0.28,
PERMIT,excluded,BATS:QQQ,1W,Full,1.507,56.84,95,4.71,5.75
PERMIT,excluded,BATS:QQQ,1W,W5-test,0.693,60.0,5,2.57,-35.62
PERMIT,excluded,BITSTAMP:BTCUSD,1W,Full,6.915,64.71,17,1.85,0.0
PERMIT,excluded,BITSTAMP:BTCUSD,1W,W5-test,2.848,50.0,4,0.86,0.0
WaveTrend-Godmode,absent-not-in-master,BATS:SPY,1D,Full,,,,,
WaveTrend-Godmode,absent-not-in-master,BATS:SPY,1D,W5-test,,,,,
WaveTrend-Godmode,absent-not-in-master,BATS:QQQ,1D,Full,,,,,
WaveTrend-Godmode,absent-not-in-master,BATS:QQQ,1D,W5-test,,,,,
WaveTrend-Godmode,absent-not-in-master,BITSTAMP:BTCUSD,1D,Full,,,,,
WaveTrend-Godmode,absent-not-in-master,BITSTAMP:BTCUSD,1D,W5-test,,,,,
WaveTrend-Godmode,absent-not-in-master,BATS:SPY,1W,Full,,,,,
WaveTrend-Godmode,absent-not-in-master,BATS:SPY,1W,W5-test,,,,,
WaveTrend-Godmode,absent-not-in-master,BATS:QQQ,1W,Full,,,,,
WaveTrend-Godmode,absent-not-in-master,BATS:QQQ,1W,W5-test,,,,,
WaveTrend-Godmode,absent-not-in-master,BITSTAMP:BTCUSD,1W,Full,,,,,
WaveTrend-Godmode,absent-not-in-master,BITSTAMP:BTCUSD,1W,W5-test,,,,,
